{
  "project_info": {
    "project_number": "1081429381900",
    "project_id": "shanta-g-57f52",
    "storage_bucket": "shanta-g-57f52.appspot.com"
  },
  "client": [
    {
      "client_info": {
        "mobilesdk_app_id": "1:1081429381900:android:1fd211d4daff71bf686f29",
        "android_client_info": {
          "package_name": "com.example.shantagi"
        }
      },
      "oauth_client": [],
      "api_key": [
        {
          "current_key": "AIzaSyBpPOF0n8MwT-PHNwGGKmUQh1E-zvlubvQ"
        }
      ],
      "services": {
        "appinvite_service": {
          "other_platform_oauth_client": []
        }
      }
    }
  ],
  "configuration_version": "1"
}